[
  {
    "name": "! Create Custom App",
    "image": "/assets/media/icons/custom.webp",
    "categories": ["all"],
    "custom": "true"
  },
  {
    "name": "GPTZero.me",
    "link": "https://gptzero.me/",
    "image": "/assets/media/icons/gz.webp",
    "categories": ["all", "ad"]
  },
  {
    "name": "ZeroGPT.com",
    "link": "https://www.zerogpt.com/",
    "image": "/assets/media/icons/zg.png",
    "categories": ["all", "ad"]
  },
  {
    "name": "ChatGPT",
    "link": "https://chat.openai.com",
    "image": "/assets/media/icons/gpt.jpg",
    "categories": ["all", "ai"],
    "error": "true",
    "say": "You must have a ChatGPT account to use the site, also the site may have some issues if you don't minimize tabs while using it."
  },
  {
    "name": "CopyLeaks.com",
    "link": "https://copyleaks.com/ai-content-detector",
    "image": "/assets/media/icons/cl.jpg",
    "categories": ["all", "ad"]
  },
  {
    "name": "Writer.com",
    "link": "https://writer.com/ai-content-detector/",
    "image": "/assets/media/icons/wr.png",
    "categories": ["all", "ad"]
  },
  {
    "name": "Quillbot.com AI Detector",
    "link": "https://quillbot.com/ai-content-detector",
    "image": "/assets/media/icons/qb.jpg",
    "categories": ["all", "ad"]
  },
  {
    "name": "Kome.ai YouTube Transcript",
    "link": "https://kome.ai/tools/youtube-transcript-generator",
    "image": "/assets/media/icons/km.webp",
    "categories": ["all", "ts"]
  },
  {
    "name": "NoteGPT.io YouTube Transcript",
    "link": "https://notegpt.io/youtube-transcript-generator",
    "image": "/assets/media/icons/ng.jpg",
    "categories": ["all", "ts"]
  },
  {
    "name": "Grammarly Plagiarism Checker",
    "link": "https://www.grammarly.com/plagiarism-checker",
    "image": "/assets/media/icons/gm.png",
    "categories": ["all", "pc"]
  },
  {
    "name": "Plagiarism Detector",
    "link": "https://plagiarismdetector.net/",
    "image": "/assets/media/icons/pdn.png",
    "categories": ["all", "pc"]
  },
  {
    "name": "Blooket Cheats",
    "link": "https://github.com/TommyBoi-TB/Blooket-Cheats/tree/main",
    "image": "/assets/media/icons/bl.webp",
    "categories": ["all", "bl", "cs"]
  },
  {
    "name": "Edpuzzle Cheats",
    "link": "https://github.com/ading2210/edpuzzle-answers",
    "image": "/assets/media/icons/ep.png",
    "categories": ["all", "ep", "cs"]
  },
  {
    "name": "DeepAI.org",
    "link": "https://deepai.org/",
    "image": "/assets/media/icons/da.webp",
    "categories": ["all", "ai"]
  },
  {
    "name": "FreedomGPT",
    "link": "https://chat.freedomgpt.com/",
    "categories": ["all", "ai"]
  },
  {
    "name": "TalkAI.info",
    "link": "https://talkai.info/chat/",
    "image": "/assets/media/icons/ta.webp",
    "categories": ["all", "ai"]
  }
]
